Model,Question,Organizations,Legislations,Dates,Monetary Values,Statistics,Response
ChatGPT4,"Regulation (EU) No 648/2012 of the European Parliament and of the Council of 4 July 2012 on OTC derivatives, central counterparties and trade repositories (“EMIR”) entered into force on 16 August 2012.",TRUE,TRUE,TRUE,N/A,N/A,"Organizations: 
  - European Parliament
  - Council of the European Union

- **Legislations**: 
  - Regulation (EU) No 648/2012

- **Dates**: 
  - 4 July 2012
  - 16 August 2012

- **Monetary Values**: 
  - None

- **Statistics**: 
  - None"
ChatGPT4,Most of the obligations under EMIR needed to be specified further via regulatory technical standards and they will take effect following the entry into force of the technical standards. ,N/A,FALSE,TRUE,N/A,N/A,"Organizations: None mentioned in the text.
- **Legislations**: EMIR (European Market Infrastructure Regulation).
- **Dates**: Not specified in the text.
- **Monetary Values**: Not mentioned in the text.
- **Statistics**: Not applicable in this context."
ChatGPT4,On 19 December 2012 the European Commission adopted without modifications the regulatory technical standards developed by ESMA. ,TRUE,FALSE,TRUE,N/A,N/A,"Organizations: European Commission, ESMA (European Securities and Markets Authority)Legislations: Regulatory Technical StandardsDates: 19 December 2012Monetary Values: None mentionedStatistics: None mentioned"
ChatGPT4,These technical standards were published in the Official Journal on 23 February 2013 and en- tered into force on 15 March 2013.,FALSE,N/A,TRUE,N/A,N/A,Organizations: Official Journal Legislations: None mentionedDates:Publication Date: 23 February 2013Entry into Force Date: 15 March 2013Monetary Values: None mentionedStatistics: None mentioned
ChatGPT4,"Regulation (EU) No 648/2012 of the European Parliament and of the Council of 4 July 2012 on OTC derivatives, central counterparties and trade repositories (“EMIR”);",TRUE,TRUE,TRUE,N/A,N/A,"- **Organizations**: European Parliament, Council
- **Legislations**: Regulation (EU) No 648/2012, EMIR
- **Dates**: 4 July 2012
- **Monetary Values**: None
- **Statistics**: None"
ChatGPT4,Commission Implementing Regulation (EU) No 1247/2012 of 19 December 2012 laying down implementing technical standards with regard to the format and fre- quency of trade reports to trade repositories according to Regulation (EU) No 648/2012;,TRUE,TRUE,TRUE,N/A,N/A,"- **Organizations**: European Union (EU)
- **Legislations**: Commission Implementing Regulation (EU) No 1247/2012, Regulation (EU) No 648/2012
- **Dates**: 19 December 2012
- **Monetary Values**: None
- **Statistics**: None"
ChatGPT4,Commission Implementing Regulation (EU) No 1248/2012 of 19 December 2012 laying down implementing technical standards with regard to the format of appli- cations for registration of trade repositories according to Regulation (EU) No 648/2012;,FALSE,TRUE,TRUE,N/A,N/A,"**Organizations:**
- None

**Legislations:**
- Commission Implementing Regulation (EU) No 1248/2012
- Regulation (EU) No 648/2012

**Dates:**
- 19 December 2012

**Monetary Values:**
- None

**Statistics:**
- None"
ChatGPT4,Commission Implementing Regulation (EU) No 1249/2012 of 19 December 2012 laying down implementing technical standards with regard to the format of the rec- ords to be maintained by central counterparties according to Regulation (EU) No 648/2012;,FALSE,TRUE,TRUE,N/A,N/A,"**Organizations:**
- Central counterparties

**Legislations:**
- Commission Implementing Regulation (EU) No 1249/2012
- Regulation (EU) No 648/2012

**Dates:**
- 19 December 2012

**Monetary Values:**
- (none specified)

**Statistics:**
- (none specified)"
ChatGPT4,Commission Delegated Regulation (EU) No 148/2013 of 19 December 2012 sup- plementing Regulation (EU) No 648/2012 with regard to regulatory technical stand- ards on the minimum details of the data to be reported to trade repositories;,TRUE,TRUE,TRUE,N/A,N/A,"- **Organizations**: European Union (EU)
- **Legislations**: Commission Delegated Regulation (EU) No 148/2013, Regulation (EU) No 648/2012
- **Dates**: 19 December 2012
- **Monetary Values**: None
- **Statistics**: None"
ChatGPT4,"Commission Delegated Regulation (EU) No 149/2013 of 19 December 2012 sup- plementing Regulation (EU) No 648/2012 with regard to regulatory technical stand- ards on indirect clearing arrangements, the clearing obligation, the public register, access to a trading venue, non-financial counterparties, and risk mitigation tech- niques for OTC derivatives contracts not cleared by a CCP;",TRUE,TRUE,TRUE,N/A,N/A,"- **Organizations**: European Union (EU), CCP
- **Legislations**: Commission Delegated Regulation (EU) No 149/2013, Regulation (EU) No 648/2012
- **Dates**: 19 December 2012
- **Monetary Values**: None
- **Statistics**: None"
ChatGPT4,Commission Delegated Regulation (EU) No 150/2013 of 19 December 2012 sup- plementing Regulation (EU) No 648/2012 with regard to regulatory technical stand- ards specifying the details of the application for registration as a trade repository;,TRUE,TRUE,TRUE,N/A,N/A,"1. **Organizations:**
   - European Union (EU)
   - Trade Repository

2. **Legislations:**
   - Commission Delegated Regulation (EU) No 150/2013
   - Regulation (EU) No 648/2012

3. **Dates:**
   - 19 December 2012

4. **Monetary Values:**
   - None

5. **Statistics:**
   - None"
ChatGPT4,"Commission Delegated Regulation (EU) No 151/2013 of 19 December 2012 sup- plementing Regulation (EU) No 648/2012 with regard to regulatory technical stand- ards specifying the data to be published and made available by trade repositories and operational standards for aggregating, comparing and accessing the data;",TRUE,TRUE,TRUE,N/A,N/A,organizations:- European Union (EU)Legislations:- Commission Delegated Regulation (EU) No 151/2013- Regulation (EU) No 648/2012Dates:- 19 December 2012Monetary Values: - None in the provided textStatistics:- None in the provided text
ChatGPT,Commission Delegated Regulation (EU) No 152/2013 of 19 December 2012 sup- plementing Regulation (EU) No 648/2012 with regard to regulatory technical stand- ards on capital requirements for central counterparties;,FALSE,TRUE,TRUE,N/A,N/A,"**Organizations:**
- Central counterparties

**Legislations:**
- Commission Delegated Regulation (EU) No 152/2013
- Regulation (EU) No 648/2012

**Dates:**
- 19 December 2012

**Monetary Values:**
- None listed

**Statistics:**
- None listed"
ChatGPT,Commission Delegated Regulation (EU) No 153/2013 of 19 December 2012 sup- plementing Regulation (EU) No 648/2012 with regard to regulatory technical stand- ards on requirements for central counterparties;,FALSE,TRUE,TRUE,N/A,N/A,"- **Organizations**: None
- **Legislations**: Commission Delegated Regulation (EU) No 153/2013, Regulation (EU) No 648/2012
- **Dates**: 19 December 2012
- **Monetary Values**: None
- **Statistics**: None"
ChatGPT,Commission Delegated Regulation (EU) No 2017/2155 of 22 September 2017 amending Delegated Regulation (EU) No 149/2013 with regards to regulatory tech- nical standards on indirect clearing arrangements.,TRUE,TRUE,TRUE,N/A,N/A,"- **Organizations**: 
  - Commission
  - EU

- **Legislations**: 
  - Commission Delegated Regulation (EU) No 2017/2155
  - Delegated Regulation (EU) No 149/2013

- **Dates**: 
  - 22 September 2017

- **Monetary Values**: 
  - None

- **Statistics**: 
  - None"
ChatGPT,"- The derivative is concluded on 1 June 2018;
- notional of the contract: 1M€;
- maturity date of the contract: 31 December 2018;
- the swap is physically settled;
- Bank A sells EUR and gets GBP for the near leg (and delivers GBP and receives EUR for
the far leg);
- the exchange rate of the near leg is 0.88 EUR/GBP, while the exchange rate of the far leg
is 0.865 EUR/GBP;
- the two settlement dates are 01/08/2018 and 02/01/2019.",TRUE,N/A,TRUE,TRUE,TRUE,"- **Organizations**: Bank A
- **Legislations**: None mentioned
- **Dates**:
  - 1 June 2018
  - 31 December 2018
  - 01/08/2018
  - 02/01/2019
- **Monetary Values**:
  - 1M€
- **Statistics**:
  - Exchange rate of the near leg: 0.88 EUR/GBP
  - Exchange rate of the far leg: 0.865 EUR/GBP"
ChatGPT,"When can counterparties start notifying the national competent authorities (NCAs) of their intention to apply the reporting exemption in accordance with Article 9(1) EMIR, as amended by Regulation 2019/834?",TRUE,TRUE,N/A,N/A,N/A,"Sure, here are the specific elements extracted from the text:

- **Organizations**: National competent authorities (NCAs)
- **Legislations**: Article 9(1) EMIR, Regulation 2019/834
- **Dates**: None specified
- **Monetary Values**: None specified
- **Statistics**: None specified"
ChatGPT,"On which day does the three-month period referred to in Article 9(1) EMIR, as amended by Regu- lation 2019/834, start?
",FALSE,TRUE,FALSE,N/A,N/A,"Here are the specifics:

**Organizations:**
- EMIR (European Market Infrastructure Regulation)
- Regulation 2019/834

**Legislations:**
- Article 9(1) EMIR
- Regulation 2019/834

**Dates:**
- Regulation 2019/834 (although not a specific day, this is the relevant regulation for the amendment)

**Monetary Values:**
- None mentioned

**Statistics:**
- None mentioned"
ChatGPT,"From and until when is the reporting exemption valid in accordance with Article 9(1) EMIR, as amended by Regulation 2019/834?
",N/A,TRUE,N/A,N/A,N/A,"- **Specific Organizations**: None mentioned
- **Legislations**: Article 9(1) EMIR, Regulation 2019/834
- **Dates**: None mentioned
- **Monetary Values**: None mentioned
- **Statistics**: None mentioned"
ChatGPT,"The FC belongs to both a group of undertakings referred to in Article 3(1) or Article 80(7) and (8) of Directive 2006/48/EC (CRD), and another group referred to in Articles 1 and 2 of Directive 83/349/EEC, and",TRUE,TRUE,N/A,N/A,N/A,"**Organizations:**
- FC

**Legislations:**
- Article 3(1) of Directive 2006/48/EC (CRD)
- Article 80(7) and (8) of Directive 2006/48/EC (CRD)
- Articles 1 and 2 of Directive 83/349/EEC

**Dates:**
- None

**Monetary Values:**
- None

**Statistics:**
- None"
ChatGPT,"It could be challenging for a counterparty performing calculations a few days after the end of the previous month to calculate and use the month-end position of that month. For that reason, the counterparty could calculate with the 12-month period that started a month earlier and ended with the previous month- end. E.g. if a counterparty is performing calculations on 1 November 2019 and encounters difficulties with calculating its positions using the figures from 1 November 2018 to 31 October 2019, it can use a 12-month period ending on the previous month: from 1 October 2018 to 30 September 2019.",N/A,N/A,TRUE,N/A,N/A,"### Specific Organizations:
None mentioned.

### Legislations:
None mentioned.

### Dates:
- 1 November 2019
- 1 November 2018
- 31 October 2019
- 1 October 2018
- 30 September 2019

### Monetary Values:
None mentioned.

### Statistics:
None mentioned."